Movie Name,Rating,Votes,Duration,Genre
Dune: Part Two,8.5,610K,2h 46m,Action
Venom: The Last Dance,6.0,105K,1h 50m,Action
Gladiator II,6.6,213K,2h 28m,Action
Sonic the Hedgehog 3,6.9,51K,1h 50m,Action
The Lord of the Rings: The War of the Rohirrim,6.3,27K,2h 14m,Action
William Tell,5.7,1.4K,2h 13m,Action
Kraven the Hunter,5.4,42K,2h 7m,Action
Pushpa: The Rule - Part 2,6.1,53K,3h 21m,Action
Furiosa: A Mad Max Saga,7.5,278K,2h 28m,Action
Elevation,5.6,19K,1h 31m,Action
Borderlands,4.7,44K,1h 41m,Action
Deadpool & Wolverine,7.6,478K,2h 8m,Action
The Ministry of Ungentlemanly Warfare,6.8,131K,2h 2m,Action
Civil War,7.0,231K,1h 49m,Action
The Count of Monte-Cristo,7.6,32K,2h 58m,Action
Twisters,6.5,159K,2h 2m,Action
Carry-On,6.5,158K,1h 59m,Action
The Crow,4.7,32K,1h 51m,Action
Marco,7.0,19K,2h 25m,Action
The Fall Guy,6.8,215K,2h 6m,Action
The Beekeeper,6.3,152K,1h 45m,Action
Kingdom of the Planet of the Apes,6.9,149K,2h 25m,Action
Madame Web,4.0,99K,1h 56m,Action
Homestead,5.4,3.2K,1h 52m,Action
Rebel Ridge,6.8,85K,2h 11m,Action
Red One,6.3,137K,2h 3m,Action
Thelma,7.0,21K,1h 38m,Action
Hellboy: The Crooked Man,4.5,12K,1h 39m,Action
Old Guy,5.1,1.5K,1h 34m,Action
Road House,6.2,165K,2h 1m,Action
Transformers One,7.6,47K,1h 44m,Action
Attack on Titan the Movie: The Last Attack,9.3,14K,2h 25m,Action
Bad Boys: Ride or Die,6.5,98K,1h 55m,Action
Argylle,5.6,91K,2h 19m,Action
Damsel,6.1,108K,1h 50m,Action
Solo Leveling: ReAwakening,8.7,6K,2h 1m,Action
Monkey Man,6.8,90K,2h 1m,Action
Love Lies Bleeding,6.6,55K,1h 44m,Action
Aftermath,5.1,3.3K,1h 37m,Action
Godzilla x Kong: The New Empire,6.1,119K,1h 55m,Action
Baby John,5.4,17K,2h 39m,Action
The Union,5.4,52K,1h 47m,Action
Freaky Tales,6.5,362,1h 46m,Action
Land of Bad,6.6,50K,1h 53m,Action
The Killer's Game,5.7,16K,1h 44m,Action
Absolution,5.2,7.3K,1h 52m,Action
Azrael,5.4,10K,1h 26m,Action
Drive-Away Dolls,5.4,23K,1h 24m,Action
Uglies,4.7,32K,1h 40m,Action
Blitz,6.2,15K,2h,Action
Arcadian,5.5,22K,1h 32m,Action
Werewolves,4.4,5.9K,1h 33m,Action
Kung Fu Panda 4,6.3,66K,1h 34m,Action
Descendants: The Rise of Red,4.7,6.9K,1h 31m,Action
The Killer,5.7,12K,2h 6m,Action
Lift,5.5,49K,1h 47m,Action
Beverly Hills Cop: Axel F,6.4,80K,1h 58m,Action
The Instigators,6.2,37K,1h 41m,Action
Weekend in Taipei,5.7,4.3K,1h 40m,Action
Apocalypse Z: The Beginning of the End,6.1,19K,1h 57m,Action
Brothers,5.4,13K,1h 29m,Action
Maharaja,8.4,65K,2h 21m,Action
11 Rebels,6.2,229,2h 35m,Action
Hagen,6.1,946,2h 19m,Action
Canary Black,5.4,11K,1h 41m,Action
Watchmen: Chapter I,7.0,6.2K,1h 23m,Action
Atlas,5.6,55K,1h 58m,Action
Long Gone Heroes,5.2,938,1h 41m,Action
The Silent Hour,6.1,6.9K,1h 39m,Action
Kalki 2898 AD,7.0,66K,3h,Action
Dirty Angels,4.3,3.1K,1h 44m,Action
Hitpig,5.1,811,1h 26m,Action
The Shadow Strays,6.5,8.8K,2h 24m,Action
Classified,3.7,2.2K,1h 45m,Action
Survive,4.6,2K,1h 30m,Action
Rebel Moon - Part Two: The Scargiver,5.3,59K,2h 2m,Action
Cash Out,4.8,2.8K,1h 32m,Action
Jackpot!,5.8,30K,1h 46m,Action
Dominique,5.2,2.1K,1h 40m,Action
Twilight of the Warriors: Walled In,7.0,8.8K,2h 6m,Action
Trigger Warning,4.6,19K,1h 46m,Action
Under Paris,5.2,36K,1h 44m,Action
Gunner,3.2,2.3K,1h 46m,Action
No Way Up,4.6,10K,1h 30m,Action
Boneyard,4.1,4.8K,1h 36m,Action
Watchmen: Chapter II,7.0,2.7K,1h 30m,Action
Death Whisperer 2,6.4,1.2K,1h 50m,Action
Armor,3.5,3.6K,1h 29m,Action
Megamind vs. The Doom Syndicate,2.5,5.4K,1h 23m,Action
Night Call,6.8,1.7K,1h 37m,Action
Aavesham,7.8,27K,2h 35m,Action
Panda Plan,5.1,1.1K,1h 39m,Action
Agents,3.8,866,1h 22m,Action
Red Right Hand,5.5,5.7K,1h 51m,Action
Damaged,4.7,7.1K,1h 37m,Action
Levels,5.0,1.4K,1h 33m,Action
River of Blood,5.4,1.5K,1h 26m,Action
Role Play,5.5,19K,1h 40m,Action
Max,7.2,3.2K,2h 12m,Action
Take Cover,5.1,2.3K,1h 30m,Action
Harbin,6.6,464,1h 48m,Action
Amaran,8.2,18K,2h 47m,Action
Chief of Station,4.7,4.3K,1h 37m,Action
My Hero Academia: You're Next,7.0,1.9K,1h 50m,Action
Trouble,6.2,6.6K,1h 38m,Action
My Spy: The Eternal City,5.7,11K,1h 52m,Action
Sunray: Fallen Soldier,4.3,574,1h 55m,Action
Joe Baby,8.2,24,1h 26m,Action
Uprising,6.6,5.3K,2h 6m,Action
Elyas,6.1,1.2K,1h 45m,Action
Dark Match,5.5,811,1h 34m,Action
The Thundermans Return,5.0,1.8K,1h 10m,Action
Mafia Wars,3.4,210,1h 34m,Action
Code 8: Part II,5.7,16K,1h 40m,Action
The Fix,4.6,1.1K,1h 38m,Action
Singham Again,4.8,75K,2h 24m,Action
Rifle Club,7.0,3.9K,1h 53m,Action
Simarik,6.4,2.3K,1h 51m,Action
Hounds of War,4.5,1.7K,1h 35m,Action
Sikandar Ka Muqaddar,6.0,24K,2h 22m,Action
Drive Back,4.7,286,1h 34m,Action
Rats!,8.2,74,1h 25m,Action
Justice League: Crisis on Infinite Earths - Part One,6.2,8.3K,1h 33m,Action
Prey,3.7,3.2K,1h 26m,Action
Badland Hunters,5.9,12K,1h 47m,Action
The Lost Tiger,7.8,31,1h 30m,Action
The Courier,6.0,4.3K,1h 41m,Action
The Roundup: Punishment,6.6,5K,1h 49m,Action
Raayan,6.5,11K,2h 25m,Action
Darkness of Man,4.8,3.1K,1h 49m,Action
Cells at Work!,6.8,155,1h 49m,Action
Officer Black Belt,6.8,7.9K,1h 48m,Action
The Prosecutor,6.8,1.3K,1h 57m,Action
Duchess,4.6,1.2K,1h 54m,Action
Justice League: Crisis on Infinite Earths - Part Three,6.1,4.3K,1h 34m,Action
The Price of Money: A Largo Winch Adventure,5.1,1K,1h 40m,Action
The Wages of Fear,4.6,4K,1h 44m,Action
Bougainvillea,6.4,3K,2h 18m,Action
The Quiet Ones,6.5,501,1h 50m,Action
Pani,6.9,2.7K,2h 23m,Action
The Tiger's Apprentice,5.8,2.1K,1h 24m,Action
Arena Wars,5.0,2K,1h 36m,Action
Devara Part 1,6.0,20K,2h 56m,Action
Karma,8.1,1.4K,2h 47m,Action
City Hunter,6.3,5.5K,1h 42m,Action
"I, the Executioner",6.3,1.5K,1h 58m,Action
One Fast Move,5.0,2.2K,1h 48m,Action
One More Shot,5.4,3.5K,1h 43m,Action
Golden Kamuy,6.3,2.5K,2h 7m,Action
Utopia,3.7,332,1h 31m,Action
Cloud,6.3,882,2h 3m,Action
Fight Another Day,5.1,320,1h 37m,Action
Article 370,7.8,24K,2h 38m,Action
Air Force One Down,4.4,2.8K,1h 24m,Action
Lights Out,4.9,1.7K,1h 30m,Action
Ultraman: Rising,6.9,6.2K,1h 57m,Action
200% Wolf,6.0,1.2K,1h 38m,Action
Fighter,6.2,52K,2h 46m,Action
Life After Fighting,6.4,1.9K,2h 6m,Action
Continental Split,3.5,531,1h 28m,Action
Die Hart 2: Die Harter,4.3,5.4K,1h 32m,Action
The Family Star,5.4,5.4K,2h 39m,Action
Zero,6.1,37,1h 28m,Action
Angels Fallen: Warriors of Peace,4.9,5.8K,1h 43m,Action
Latency,4.2,1.7K,1h 34m,Action
Kill Em All 2,4.1,1.3K,1h 28m,Action
Echo 8,5.5,155,1h 36m,Action
Agent Recon,2.4,656,1h 25m,Action
Dan Da Dan: First Encounter,8.2,2.5K,1h 23m,Action
Murder Company,3.6,1.5K,1h 26m,Action
Ferry 2,5.6,3.7K,1h 34m,Action
Operation Blood Hunt,3.4,452,1h 33m,Action
Freedom,5.9,1.3K,1h 50m,Action
Get Fast,3.6,432,1h 28m,Action
Hijack 1971,6.8,3.2K,1h 40m,Action
Dharmarakshak Mahaveer Chhatrapati Sambhaji Maharaj,8.2,642,2h 54m,Action
Anaconda,4.9,599,1h 24m,Action
Alien: Rubicon,2.4,327,1h 26m,Action
A Legend,4.7,852,2h 9m,Action
Alangu,8.3,1.1K,2h 11m,Action
Wynonna Earp: Vengeance,5.6,1.5K,1h 36m,Action
Jigra,6.0,23K,2h 33m,Action
Striking Rescue,5.8,314,1h 46m,Action
Diabel,5.1,190,1h 48m,Action
The Clean Up Crew,4.1,1.1K,1h 35m,Action
The Hangman,3.3,983,1h 32m,Action
Justice League: Crisis on Infinite Earths - Part Two,5.5,5.2K,1h 34m,Action
Invasion,4.8,662,1h 31m,Action
Savi,6.2,35K,2h 6m,Action
Spiders on a Plane,5.9,358,1h 18m,Action
Agni,7.3,15K,2h 2m,Action
Revolver,5.4,814,1h 54m,Action
Terminator: Skynet Rising,6.8,257,1h 28m,Action
Hanu Man,7.7,29K,2h 38m,Action
Demon Slayer: Kimetsu No Yaiba - To the Hashira Training,7.1,8.2K,1h 44m,Action
Sixty Minutes,5.7,5.1K,1h 28m,Action
Escape,6.4,1.9K,1h 34m,Action
Murder at Hollow Creek,4.2,77,,Action
The Last Kumite,4.6,2.3K,1h 45m,Action
London Calling,6.5,8,1h 49m,Action
Outlaw,5.2,897,1h 22m,Action
The Greatest of All Time,5.8,22K,3h 3m,Action
Overlord: The Sacred Kingdom,7.0,693,2h 15m,Action
72 Hours,4.1,279,1h 27m,Action
Cassino in Ischia,4.4,229,1h 53m,Action
Vettaiyan,7.0,39K,2h 43m,Action
Baby Invasion,5.4,51,1h 20m,Action
Heart of the Hunter,4.7,2.1K,1h 45m,Action
Alienoid: The Return to the Future,6.5,2.5K,2h 2m,Action
Handsome Guys,6.5,735,1h 41m,Action
Snow White and the Seven Samurai,3.2,259,1h 28m,Action
Operation Undead,4.6,346,1h 50m,Action
Wanted Man,4.8,2.5K,1h 25m,Action
Razakar: The Silent Genocide of Hyderabad,7.4,5.2K,2h 46m,Action
"Love, Courage and the Battle of Bushy Run",5.0,168,1h 53m,Action
Bagheera,6.7,7.2K,2h 38m,Action
Kingdom 4: Return of the Great General,7.1,1.2K,2h 25m,Action
The Lockdown,4.3,593,1h 57m,Action
War of the Worlds: Extinction,3.0,170,1h 24m,Action
Ryan's World the Movie: Titan Universe Adventure,1.8,629,1h 20m,Action
Viduthalai Part 2,8.0,15K,2h 50m,Action
GTMax,5.0,1.2K,1h 40m,Action
Yodha,5.7,8.8K,2h 10m,Action
The Last Front,5.5,596,1h 38m,Action
Mura,7.3,6.2K,2h 9m,Action
The Last Ronin,4.9,217,2h 1m,Action
Vanvaas,6.7,994,2h 40m,Action
Nice Girls,4.2,1.2K,1h 32m,Action
The Ballad of Davy Crockett,4.6,242,1h 36m,Action
12 Gaun,6.3,862,2h 27m,Action
Saripodhaa Sanivaaram,7.0,8.8K,2h 46m,Action
Chandu Champion,7.8,34K,2h 22m,Action
Don't Mess with Grandma,6.1,141,1h 21m,Action
Everybody Loves Jenifa,8.4,77,2h 15m,Action
Thangalaan,6.6,6.5K,2h 36m,Action
Kanguva,4.6,14K,2h 32m,Action
Je Jatt Vigarh Gya,5.7,811,2h 12m,Action
Guntur Kaaram,5.4,25K,2h 39m,Action
A.R.M,7.1,8.5K,2h 30m,Action
Vedaa,6.0,4.2K,2h 25m,Action
Devaki Nandana Vasudeva,8.9,2.7K,2h 8m,Action
Rogue Elements: A Ryan Drake Story,4.9,911,44m,Action
Memes & Nightmares,5.7,71,1h 21m,Action
12 to Midnight,3.6,270,1h 36m,Action
Mission: Cross,6.1,2.5K,1h 45m,Action
Roadkill,3.6,671,1h 30m,Action
The Firefighters,5.9,139,1h 46m,Action
Escape from the 21st Century,6.5,797,1h 38m,Action
UI,6.9,5.6K,2h 15m,Action
Bachhala Malli,8.3,3.9K,2h 20m,Action
Emilia Pérez,5.4,83K,2h 12m,Crime
The Order,6.8,36K,1h 56m,Crime
Longlegs,6.6,177K,1h 41m,Crime
Riff Raff,6.3,754,1h 43m,Crime
Pushpa: The Rule - Part 2,6.1,53K,3h 21m,Crime
Despicable Me 4,6.2,62K,1h 34m,Crime
Juror #2,7.0,90K,1h 54m,Crime
MaXXXine,6.3,67K,1h 43m,Crime
The Seed of the Sacred Fig,7.6,12K,2h 47m,Crime
Carry-On,6.5,158K,1h 59m,Crime
The Crow,4.7,32K,1h 51m,Crime
The Beekeeper,6.3,152K,1h 45m,Crime
Trap,5.8,128K,1h 45m,Crime
Wolfs,6.5,78K,1h 48m,Crime
Rebel Ridge,6.8,85K,2h 11m,Crime
Bad Boys: Ride or Die,6.5,98K,1h 55m,Crime
Lucky Baskhar,8.0,29K,2h 28m,Crime
Monkey Man,6.8,90K,2h 1m,Crime
Love Lies Bleeding,6.6,55K,1h 44m,Crime
Freaky Tales,6.5,362,1h 46m,Crime
Absolution,5.2,7.3K,1h 52m,Crime
Greedy People,6.2,10K,1h 52m,Crime
Sleeping Dogs,6.2,21K,1h 50m,Crime
Lift,5.5,49K,1h 47m,Crime
Beverly Hills Cop: Axel F,6.4,80K,1h 58m,Crime
Beating Hearts,7.1,3.9K,2h 46m,Crime
The Instigators,6.2,37K,1h 41m,Crime
Blackwater Lane,4.6,1.7K,1h 48m,Crime
Killer Heat,5.6,13K,1h 37m,Crime
Misericordia,6.9,1.5K,1h 44m,Crime
Brothers,5.4,13K,1h 29m,Crime
Maharaja,8.4,65K,2h 21m,Crime
The Thicket,5.8,2.9K,1h 48m,Crime
Long Gone Heroes,5.2,938,1h 41m,Crime
The Silent Hour,6.1,6.9K,1h 39m,Crime
Hitpig,5.1,811,1h 26m,Crime
The Shadow Strays,6.5,8.8K,2h 24m,Crime
Twilight of the Warriors: Walled In,7.0,8.8K,2h 6m,Crime
The Calendar Killer,5.5,3.9K,1h 37m,Crime
Trigger Warning,4.6,19K,1h 46m,Crime
Inside,7.0,207,1h 44m,Crime
Boneyard,4.1,4.8K,1h 36m,Crime
Armor,3.5,3.6K,1h 29m,Crime
Megamind vs. The Doom Syndicate,2.5,5.4K,1h 23m,Crime
The Unholy Trinity,7.9,48,1h 33m,Crime
Damaged,4.7,7.1K,1h 37m,Crime
Force of Nature: The Dry 2,5.9,6.6K,2h,Crime
Santosh,7.0,1.4K,2h 8m,Crime
The Soul Eater,5.9,2.4K,1h 48m,Crime
Mea Culpa,4.2,6.9K,2h,Crime
Sector 36,7.1,25K,2h 3m,Crime
Harbin,6.6,464,1h 48m,Crime
Dead Sea,5.3,5.2K,1h 28m,Crime
Ma Este Gyilkolunk,5.1,504,,Crime
Bogota: City of the Lost,5.4,1.8K,1h 48m,Crime
Broken Rage,6.1,1.2K,1h 2m,Crime
Trouble,6.2,6.6K,1h 38m,Crime
Jönssonligan kommer tillbaka,6.0,828,1h 44m,Crime
The Thundermans Return,5.0,1.8K,1h 10m,Crime
Here Now,4.9,260,1h 58m,Crime
Colors of Evil: Red,6.4,8.3K,1h 51m,Crime
Code 8: Part II,5.7,16K,1h 40m,Crime
Strictly Confidential,2.8,824,1h 34m,Crime
Drugstore June,5.3,1.6K,1h 31m,Crime
Depravity,4.3,898,1h 57m,Crime
Lake George,6.4,830,1h 58m,Crime
Maharaj,6.5,15K,2h 11m,Crime
Detained,4.9,1.4K,1h 37m,Crime
Sikandar Ka Muqaddar,6.0,24K,2h 22m,Crime
Rats!,8.2,74,1h 25m,Crime
What Jennifer Did,6.1,11K,1h 27m,Crime
First Shift,4.4,2K,1h 29m,Crime
Badland Hunters,5.9,12K,1h 47m,Crime
Laws of Man,4.1,319,1h 38m,Crime
The Courier,6.0,4.3K,1h 41m,Crime
The Roundup: Punishment,6.6,5K,1h 49m,Crime
Raayan,6.5,11K,2h 25m,Crime
Darkness of Man,4.8,3.1K,1h 49m,Crime
Officer Black Belt,6.8,7.9K,1h 48m,Crime
Do Patti,6.4,68K,2h 6m,Crime
Duchess,4.6,1.2K,1h 54m,Crime
Ride,5.9,363,1h 54m,Crime
Bougainvillea,6.4,3K,2h 18m,Crime
The Quiet Ones,6.5,501,1h 50m,Crime
Pani,6.9,2.7K,2h 23m,Crime
In Her Place,6.2,1.4K,1h 36m,Crime
City Hunter,6.3,5.5K,1h 42m,Crime
"I, the Executioner",6.3,1.5K,1h 58m,Crime
Justice,6.3,3.7K,1h 53m,Crime
Marmalade,6.2,3.5K,1h 39m,Crime
Cult Killer,4.8,2.7K,1h 45m,Crime
Golam,7.2,5.4K,2h,Crime
El Jockey,6.5,1.5K,1h 36m,Crime
A Place Called Silence,6.5,1.2K,1h 59m,Crime
Barron's Cove,8.0,28,1h 56m,Crime
Crescent City,3.9,1.3K,1h 43m,Crime
The Trainer,7.2,51,1h 35m,Crime
Lover Stalker Killer,7.0,13K,1h 30m,Crime
5lbs of Pressure,5.3,1.5K,1h 51m,Crime
Ferry 2,5.6,3.7K,1h 34m,Crime
Papa,7.5,276,2h 11m,Crime
Freedom,5.9,1.3K,1h 50m,Crime
The Sabarmati Report,6.4,24K,2h 7m,Crime
Ulajh,6.0,24K,2h 30m,Crime
Hijack 1971,6.8,3.2K,1h 40m,Crime
King Ivory,7.2,60,2h 10m,Crime
The Clean Up Crew,4.1,1.1K,1h 35m,Crime
Compulsion,,,1h 34m,Crime
Bloodline Killer,3.8,4.4K,1h 45m,Crime
Daredevil vs Punisher,,,1h 23m,Crime
Guns & Moses,8.2,38,1h 34m,Crime
Boundless,5.6,1.8K,2h 1m,Crime
Bhakshak,7.2,7.1K,2h 14m,Crime
Savi,6.2,35K,2h 6m,Crime
Revolver,5.4,814,1h 54m,Crime
Shoutai,6.8,458,2h,Crime
The Smile Man,7.7,1.5K,2h 2m,Crime
The Park Maniac,4.8,1.5K,1h 43m,Crime
Cookster: The Darkest Days,8.0,30,1h 59m,Crime
Dead Wrong,3.8,255,1h 44m,Crime
Biggest Heist Ever,6.1,1.4K,1h 25m,Crime
To a Land Unknown,7.3,422,1h 45m,Crime
Two to One,6.0,670,1h 56m,Crime
Rakshana,5.6,1.1K,2h 19m,Crime
Vettaiyan,7.0,39K,2h 43m,Crime
Jailbreak: Love on the Run,6.4,3K,1h 28m,Crime
Dead Mail,6.7,279,1h 46m,Crime
Strangers,4.3,369,1h 46m,Crime
Wanted Man,4.8,2.5K,1h 25m,Crime
A Gangster's Kiss,4.9,45,1h 21m,Crime
The Lockdown,4.3,593,1h 57m,Crime
Sicilian Letters,6.1,566,2h 2m,Crime
Viduthalai Part 2,8.0,15K,2h 50m,Crime
Thalavan,7.2,4.4K,2h 11m,Crime
GTMax,5.0,1.2K,1h 40m,Crime
Nice Girls,4.2,1.2K,1h 32m,Crime
Last Known Location,6.3,1.3K,1h 50m,Crime
Saripodhaa Sanivaaram,7.0,8.8K,2h 46m,Crime
Maldoror,7.1,530,2h 35m,Crime
Anweshippin Kandethum,7.4,10K,2h 22m,Crime
The Kingdom,7.0,615,1h 48m,Crime
Bermondsey Tales: Fall of the Roman Empire,4.4,173,1h 39m,Crime
Kingsmen,6.4,45,1h 12m,Crime
Mission: Cross,6.1,2.5K,1h 45m,Crime
Roadkill,3.6,671,1h 30m,Crime
Anand Sreebala,6.6,2.3K,2h 14m,Crime
Lady Scorpions,3.6,360,1h 41m,Crime
How to Rob a Bank,6.6,4.1K,1h 28m,Crime
"Pooja, Sir",6.4,708,1h 55m,Crime
Baby Assassins: Nice Days,7.4,262,1h 43m,Crime
Un homme en fuite,5.4,134,1h 46m,Crime
Belle,5.8,13,1h 40m,Crime
Rob N Roll,6.1,1.4K,1h 38m,Crime
Auron Mein Kahan Dum Tha,6.6,40K,2h 30m,Crime
Serpent's Path,5.8,272,1h 52m,Crime
Dhakshina,6.9,5.2K,1h 47m,Crime
Toofan,7.1,6.1K,2h 25m,Crime
The Birds Who Fear Death,9.4,69,1h 42m,Crime
Citizen of a Kind,6.7,765,1h 54m,Crime
Untamed Royals,4.6,619,1h 39m,Crime
La Familia,7.5,33,,Crime
Amish Affair,5.5,195,1h 26m,Crime
Hellhound,4.3,481,1h 43m,Crime
They Called Him Mostly Harmless,5.9,3.2K,1h 29m,Crime
Diddy: Summit to Plummet,2.2,198,1h,Crime
Scorched Earth,6.7,495,1h 41m,Crime
Visfot,5.7,1.1K,2h 10m,Crime
Kahar: Kapla High Council,6.9,437,1h 42m,Crime
Phir Aayi Hasseen Dillruba,5.8,6.7K,2h 12m,Crime
Silver Star,7.2,12,1h 42m,Crime
Zebra,8.0,3.2K,2h 44m,Crime
Bangkok Breaking: Heaven and Hell,5.8,651,2h 26m,Crime
The Actor,3.3,720,2h 8m,Crime
A Bronx Tale: The Original One Man Show,8.7,13,,Crime
Dirty Ice Cream,4.4,115,47m,Crime
Tillu Square,6.6,3.4K,2h 17m,Crime
She's Got No Name,7.0,45,2h 30m,Crime
Siren,6.4,2.9K,2h 34m,Crime
ChiefsAholic: A Wolf in Chiefs Clothing,6.2,365,2h 1m,Crime
Borderless Fog,5.2,1.3K,1h 50m,Crime
The Shameless,5.6,186,1h 54m,Crime
Mr. Bachchan,3.6,5.2K,2h 30m,Crime
Estômago II: O Poderoso Chef,5.8,311,2h 11m,Crime
Sorgavaasal,6.6,1.3K,2h 18m,Crime
Nunakuzhi,6.8,2.9K,2h 5m,Crime
Jersey Bred,4.9,39,1h 32m,Crime
10 Days of a Curious Man,5.8,1.2K,1h 50m,Crime
"MoviePass, MovieCrash",6.7,2.8K,1h 36m,Crime
Rautu Ka Raaz,6.3,1.9K,1h 54m,Crime
The Kingdom,7.9,84,2h 13m,Crime
The Truth vs. Alex Jones,7.5,2.9K,2h 1m,Crime
(Pri)sons,5.0,246,1h 40m,Crime
Untold: The Murder of Air McNair,5.6,2K,57m,Crime
Bangkok Dog,6.4,94,1h 25m,Crime
Lóve 2,4.8,52,,Crime
Operation Raavan,8.5,1.2K,2h 27m,Crime
Havnaa,7.3,215,1h 50m,Crime
Unspoken,8.2,47,2h,Crime
Abraham Ozler,6.5,4.1K,2h 23m,Crime
Svemu dodje kraj,6.7,250,1h 29m,Crime
Crisis Negotiators,6.7,689,2h,Crime
Nahir,4.7,1.1K,2h 2m,Crime
Killer Babes,3.5,282,1h 34m,Crime
Sheriff,6.9,1.1K,2h 13m,Crime
Sayara,5.7,264,1h 38m,Crime
Plastic Guns,6.3,581,1h 35m,Crime
Fyre Rises,6.5,321,1h 50m,Crime
9 Windows,3.6,300,1h 22m,Crime
The Texas Cheerleader Murder Plot,5.0,289,1h 40m,Crime
In Youth We Trust,7.8,64,2h 12m,Crime
Blackia 2,5.9,124,2h 12m,Crime
Dengeler,5.9,63,2h 3m,Crime
Le Mohican,7.0,135,1h 27m,Crime
Nefarious,7.0,52,1h 25m,Crime
Love You to Debt,6.2,744,2h 15m,Crime
No Cap,5.8,32,1h 48m,Crime
Assault in Progress,7.0,16,,Crime
"Extraction, USA",7.5,51,,Crime
Drive,5.6,309,1h 30m,Crime
Silvio,3.0,492,1h 54m,Crime
Murder and Cocktails,4.0,355,1h 28m,Crime
Happy Birthday Luci,9.4,55,,Crime
Midas,4.6,331,1h 25m,Crime
Krista,5.6,44,58m,Crime
Zabt,6.0,19,,Crime
"Hemet, or the Landlady Don't Drink Tea",4.3,84,1h 29m,Crime
Kaulayaw,4.5,126,1h 35m,Crime
Troll Factory,5.8,458,1h 49m,Crime
Green Bones,7.7,179,1h 36m,Crime
Vina: Before 7 Days,5.4,565,1h 40m,Crime
Double or Nothing,,,,Crime
Modal Nekad,7.7,84,1h 47m,Crime
Quotation Gang Part 1,8.8,20,1h 58m,Crime
Hunt the Wicked,5.2,104,1h 42m,Crime
Ten Toes Down,8.0,31,,Crime
Prepare to Die,4.6,228,1h 33m,Crime
Kurukku,6.6,529,1h 49m,Crime
Dracula: The Count's Kin,5.0,44,,Crime
Cubic Zirconia,7.5,58,,Crime
Conquer: Lahad Datu,6.7,493,2h,Crime
Mirza: Part 1 - Joker,6.8,236,2h 45m,Crime
The Shadow,6.5,227,1h 30m,Crime
Kondal,5.4,761,2h 27m,Crime
The Waterboyz,7.9,83,1h 29m,Crime
Shakhahaari,7.5,1.3K,2h 25m,Crime
Dream Team,5.2,58,1h 31m,Crime
Where Is Gilgamesh?,9.0,603,1h 30m,Crime
Chris Brown: A History of Violence,5.4,297,1h 22m,Crime
The Epidemic,5.8,68,1h 35m,Crime
Below the Rim,5.0,13,1h 29m,Crime
Flow,7.9,54K,1h 25m,Family
Sonic the Hedgehog 3,6.9,51K,1h 50m,Family
Mufasa: The Lion King,6.6,46K,1h 58m,Family
Despicable Me 4,6.2,62K,1h 34m,Family
Paddington in Peru,6.7,16K,1h 46m,Family
Moana 2,6.7,82K,1h 40m,Family
Inside Out 2,7.5,210K,1h 36m,Family
Wallace & Gromit: Vengeance Most Fowl,7.5,32K,1h 22m,Family
Transformers One,7.6,47K,1h 44m,Family
IF,6.4,56K,1h 44m,Family
The Day the Earth Blew Up: A Looney Tunes Movie,6.7,1K,1h 31m,Family
Fear,8.6,2.7K,1h 55m,Family
The Garfield Movie,5.7,23K,1h 41m,Family
The Forge,6.7,4.5K,2h 4m,Family
Kung Fu Panda 4,6.3,66K,1h 34m,Family
Descendants: The Rise of Red,4.7,6.9K,1h 31m,Family
Harold and the Purple Crayon,5.7,7.8K,1h 30m,Family
A Sloth Story,6.0,149,1h 30m,Family
Young Hearts,8.1,4.3K,1h 37m,Family
How to Make Millions Before Grandma Dies,8.0,13K,2h 5m,Family
Hitpig,5.1,811,1h 26m,Family
Spellbound,5.7,6.2K,1h 49m,Family
Lost on a Mountain in Maine,6.2,1.1K,1h 38m,Family
Piece by Piece,6.9,5K,1h 33m,Family
Faith of Angels,5.9,165,1h 38m,Family
Megamind vs. The Doom Syndicate,2.5,5.4K,1h 23m,Family
Panda Plan,5.1,1.1K,1h 39m,Family
You Gotta Believe,5.8,1.2K,1h 44m,Family
My Penguin Friend,6.7,4.6K,1h 37m,Family
Unsung Hero,7.0,4.9K,1h 53m,Family
Saving Bikini Bottom: The Sandy Cheeks Movie,3.7,3.7K,1h 22m,Family
Orion and the Dark,6.3,17K,1h 33m,Family
Guest from the Future,6.0,1.1K,2h 21m,Family
Big World,7.4,945,2h 11m,Family
The Thundermans Return,5.0,1.8K,1h 10m,Family
That Christmas,6.8,17K,1h 31m,Family
Thelma the Unicorn,5.7,2.8K,1h 33m,Family
The Lost Tiger,7.8,31,1h 30m,Family
Autumn and the Black Jaguar,5.6,954,1h 40m,Family
The Tiger's Apprentice,5.8,2.1K,1h 24m,Family
Crayon Shin-chan: Ora's Dinosaur Diary,6.6,301,1h 46m,Family
Bambi: A Tale of Life in the Woods,5.7,149,1h 25m,Family
10 Lives,5.9,1.8K,1h 28m,Family
Doraemon the Movie: Nobita's Earth Symphony,6.6,1.4K,1h 55m,Family
Ultraman: Rising,6.9,6.2K,1h 57m,Family
Storm Crashers,6.3,548,1h 28m,Family
200% Wolf,6.0,1.2K,1h 38m,Family
Woody Woodpecker Goes to Camp,4.5,2.5K,1h 40m,Family
Woodwalkers,5.4,319,1h 43m,Family
Meiyazhagan,8.4,13K,2h 57m,Family
Runt,6.4,484,1h 31m,Family
Buffalo Kids,6.6,621,1h 33m,Family
Bibi Rajni,8.6,706,2h 23m,Family
Average Joe,4.2,559,1h 40m,Family
Rebellious,6.0,154,1h 34m,Family
Der Buchspazierer,7.3,343,1h 38m,Family
Ghost Cat Anzu,6.5,655,1h 37m,Family
The Night Before Christmas in Wonderland,6.3,506,1h 20m,Family
My Freaky Family,6.5,381,1h 26m,Family
Ryan's World the Movie: Titan Universe Adventure,1.8,629,1h 20m,Family
Savages,7.0,263,1h 27m,Family
The Groomsmen: First Look,6.1,373,1h 22m,Family
Robin and the Hoods,4.4,504,1h 40m,Family
Man and Witch: The Dance of a Thousand Steps,5.5,322,1h 34m,Family
Gracie and Pedro: Pets to the Rescue,5.1,253,1h 27m,Family
And the Breadwinner Is...,6.8,241,2h 3m,Family
Believe in Christmas,6.1,817,1h 30m,Family
The Magician's Raincoat,5.5,79,,Family
Super-Charlie,6.4,102,1h 20m,Family
Return to Wickensburg,4.9,21,1h 28m,Family
Home Sweet Loan,8.1,808,1h 52m,Family
A Sudden Case of Christmas,5.1,1.1K,1h 31m,Family
A Nashville Wish,5.6,86,1h 42m,Family
Noah's Ark,4.3,622,1h 36m,Family
My Oni Girl,6.0,1.7K,1h 52m,Family
A Brother and 7 Siblings,8.6,1.1K,2h 9m,Family
Kid Santa,,,,Family
School of Magical Animals 3,5.8,292,1h 45m,Family
Disaster Holiday,4.8,664,1h 33m,Family
A Carpenter's Prayer,8.6,33,1h 31m,Family
Rally Caps,5.5,123,1h 40m,Family
Marry Christmas,6.9,57,1h 25m,Family
Chico Bento e a Goiabeira Maraviosa,7.8,451,1h 30m,Family
Living Large,7.8,97,1h 20m,Family
Børnene fra Sølvgade,7.6,89,1h 42m,Family
Dalia y el Libro Rojo,7.3,28,1h 47m,Family
Panda Bear in Africa,5.5,303,1h 24m,Family
Brewster's Millions: Christmas,5.7,184,1h 40m,Family
Like a Rolling Stone,7.8,404,1h 46m,Family
Going Viral,6.8,49,1h 30m,Family
Victoria må dø,5.9,342,1h 25m,Family
The Neon Highway,6.0,482,1h 53m,Family
The Snow Sister,7.0,2.1K,1h 36m,Family
Bremenskie muzykanty,4.6,658,1h 55m,Family
Father There is Only One 4,5.2,597,1h 30m,Family
Bila Esok Ibu Tiada,6.6,219,1h 44m,Family
Treasure Trackers,5.8,149,1h 32m,Family
2nd Miracle in Cell No. 7,7.8,197,2h 27m,Family
My Redneck Neighbor: Chapter 2 - Let the Games Begin,,,55m,Family
No Time to Spy: A Loud House Movie,6.4,431,1h 21m,Family
Dear Family,7.0,46,1h 56m,Family
The Primrose Railway Children,4.9,142,1h 21m,Family
"Maya, donne-moi un titre",6.5,46,1h 1m,Family
The Casagrandes Movie,5.6,646,1h 29m,Family
Paper Flowers,9.0,28,1h 40m,Family
Windcatcher,5.3,405,1h 20m,Family
Il migliore dei mali,8.2,5,1h 30m,Family
Heartsping : Teenieping of Love,7.2,20,TV-Y,Family
Ole Aale,8.7,406,2h 22m,Family
Juliette au printemps,6.5,213,1h 35m,Family
Dance Rivals,6.0,63,1h 33m,Family
The Lamb,7.1,27,1h 25m,Family
Juf Braaksel en de Geniale Ontsnapping,4.0,41,1h 23m,Family
Big City Greens the Movie: Spacecation,6.2,528,TV-Y7,Family
Véletlenül írtam egy könyvet,7.7,265,1h 38m,Family
Skelly,5.6,87,1h 25m,Family
Grrr...,4.0,805,2h 1m,Family
Saint Nick of Bethlehem,9.3,94,1h 33m,Family
G for Gap,7.2,530,1h 43m,Family
The Magic Penguin,3.8,25,1h 29m,Family
Dog Days,6.7,295,2h,Family
Troy the Bharat Putra,5.7,29,2h 14m,Family
Dongeng Sang Kancil,8.1,75,1h 39m,Family
Singapore Saloon,6.0,1.2K,2h 17m,Family
Si Juki the Movie: Harta Pulau Monyet,6.1,113,1h 47m,Family
Kvitebjørn,5.9,51,1h 25m,Family
Vishesham,6.7,1.3K,2h 16m,Family
Laggam,8.5,5.1K,2h 10m,Family
"Love, Sitara",5.3,294,1h 45m,Family
Joy of Horses,5.8,160,1h 30m,Family
Hope,5.5,36,,Family
Goldbeak,4.9,125,1h 34m,Family
Wonderful Precure! The Movie! Doki Doki Game no Sekai de Daiboken,6.8,25,1h 11m,Family
Magic Beach,5.5,58,1h 20m,Family
Lucy and the Lake Monster,9.3,24,,Family
14 Days Love,7.5,8,1h 52m,Family
The Proud Princess,7.1,97,1h 24m,Family
Cup,8.5,65,2h 26m,Family
Niko: Beyond the Northern Lights,6.3,287,1h 26m,Family
Finding Christmas,7.4,9,,Family
Letuchiy korabl,3.7,286,1h 40m,Family
Domovyonok Kuzya,6.6,799,1h 30m,Family
SuperKlaus,4.3,188,1h 28m,Family
Khusma,8.4,34,,Family
Ghudchadi,4.2,548,1h 53m,Family
Animal Tales of Christmas Magic,6.8,50,1h 12m,Family
Little Emma,5.7,97,1h 46m,Family
Hashtag Tadev lagnam,6.6,122,1h 58m,Family
My Private Line to God,6.7,82,,Family
Stinky Summer,6.1,43,1h 30m,Family
Yolki 11,4.7,163,1h 32m,Family
For Prophet,5.4,104,1h 45m,Family
Peppa's Cinema Party,5.0,151,1h 5m,Family
Daaru Na Peenda Hove,7.7,2.3K,1h 51m,Family
Sabari,8.4,5.4K,2h 9m,Family
The Legend of Catclaws Mountain,3.5,169,1h 44m,Family
Babah,7.0,104,2h 9m,Family
We Believe,3.7,12,,Family
Blended Christmas,6.3,62,,Family
The Big Trip 3: Race Around the World,5.8,49,1h 25m,Family
Dedh Bigha Zameen,6.9,739,1h 40m,Family
Dikkie Dik 2: Een Nieuwe Vriend voor Dikkie Dik,7.4,71,1h 10m,Family
Luv Ki Arrange Marriage,3.9,4.5K,2h 15m,Family
Baba Yaga spasaet Novyy god,4.4,113,1h 39m,Family
LasseMajas detektivbyrå - Maskoten som försvann,6.1,52,1h 30m,Family
Superkrachten voor je hoofd,7.3,193,1h 32m,Family
Too Old for Fairy Tales 2,4.8,384,1h 35m,Family
Heavens: The Boy and His Robot,6.3,21,1h 38m,Family
Rajakili,8.8,535,2h 2m,Family
Daye: Seret ahl el Daye,7.6,14,1h 44m,Family
Captain Avispa,5.8,171,1h 36m,Family
Rajkumar,7.3,2.6K,2h 25m,Family
Paagal vs Kadhal,9.0,2.1K,1h 51m,Family
Luigi's Mansion,6.0,16,1h,Family
Gharat Ganpati,7.9,489,2h 19m,Family
Powder Pup,6.2,73,1h 29m,Family
Spirit of Friendship,4.3,72,1h 25m,Family
Cricket,8.4,11,,Family
Carol,8.3,47,1h 55m,Family
Ognivo,5.5,209,1h 45m,Family
De Bellinga's: Pretpark op stelten,3.1,122,1h 10m,Family
BeBe Winans' We Three Kings,6.9,126,1h 30m,Family
Sieger Sein,6.6,165,1h 59m,Family
Brother,6.3,2.3K,2h 20m,Family
Baii Ga,4.2,59,2h 14m,Family
My Redneck Neighbor: Chapter 1 - The Rednecks Are Coming,5.0,7,1h 14m,Family
Steal the Naughty List,6.7,113,1h 30m,Family
Yaren Leylek,6.2,23,1h 35m,Family
Chicken Coop,5.7,85,1h 38m,Family
Super papa,5.2,109,1h 30m,Family
Gina,7.7,21,1h 40m,Family
Emma,,,1h 30m,Family
Feather Christmas,5.2,120,1h 34m,Family
Mr. Santa: A Christmas Extravaganza,8.5,16,1h 38m,Family
Sunny,7.6,21,2h 2m,Family
DeAr,5.1,1.3K,2h 12m,Family
"Die Heinzels: Neue Mützen, Neue Mission",6.4,61,1h 16m,Family
Vaar Tahevaar,8.0,278,2h 7m,Family
Masha i Medved v kino: Park chudes,7.0,16,58m,Family
Hank's Christmas Wish 2: The Nutcracker,3.8,10,,Family
Saving Christmas,8.2,19,,Family
Kayip Kamyon,4.8,19,,Family
Our Christmas House,5.4,44,1h 17m,Family
Nintama Rantaro Dokutake Ninja-tai Saikyou no Gunshi,6.8,14,1h 30m,Family
"7 dney, 7 nochey",6.3,402,1h 38m,Family
Tri kota. Zimnie kanikuly,6.3,26,1h 5m,Family
Our Church Thinks We're Dating,7.5,59,1h 42m,Family
Chithini,6.0,551,2h 31m,Family
Manyunya. Priklyucheniya v derevne,5.8,113,1h 24m,Family
A Christmas Miracle,6.0,65,1h 28m,Family
Zak & Wowo: The Legend of Lendarys,5.7,84,1h 25m,Family
Askepote,3.4,78,1h 12m,Family
Kardes Takimi,3.5,534,1h 35m,Family
Wedding Diaries,9.0,2K,2h 1m,Family
Mees Kees op eigen benen,6.1,31,1h 22m,Family
Sri Sri Sri Raja Vaaru,,,,Family
The Adventures of Jurassic Pet: Return to the Wild,5.4,49,1h 30m,Family
Woof Woof Daddy,6.5,39,1h 45m,Family
Planet 7693,7.6,66,1h 50m,Family
Porch Pirates,5.0,99,1h 47m,Family
Oyunda Kal: Eglence Arenasi,2.7,35,1h 32m,Family
Grüsse vom Mars,6.5,18,1h 25m,Family
Depth of Field,8.5,27,,Family
The Hedgehog,6.7,664,1h 44m,Family
Ducobu passe au vert!,4.0,122,1h 30m,Family
Krispy Rishtey,6.6,69,2h 13m,Family
Faith in the Family,2.8,120,,Family
"Akiko, der fliegende Affe",8.4,10,1h 10m,Family
Dikkie Dik en de Verdwenen Knuffel,7.2,125,1h 2m,Family
The Secret of Pin-Up Island,7.4,92,1h 47m,Family
Double Engine,5.6,113,1h 46m,Family
Gowri,7.4,4.1K,2h 10m,Family
Padmavyuham Lo Chakradhari,7.4,1.7K,1h 50m,Family
Thookudurai,4.3,2.3K,2h 5m,Family
Håkan Bråkan 2,5.4,126,1h 32m,Family
Amaltash,8.1,144,1h 53m,Family
Oru Kadha Parayum Neram,9.2,336,,Family
Uma & Haggen: Mitos,7.4,44,1h 34m,Family
Die Chaosschwestern und Pinguin Paul,5.6,64,1h 40m,Family
Tartinijev kljuc,7.8,21,1h 55m,Family
CBeebies Panto: Beauty and the Beast,7.8,16,1h 13m,Family
Inanimate Insanity II: The Movie,8.9,224,1h 46m,Family
Double Tuckerr,5.0,1.2K,2h,Family
The Cheshire Cat,,,1h 4m,Family
Mountain Boy,8.2,17,1h 33m,Family
Alchemist,,,,Family
My Dear Donga,5.7,159,2h 12m,Family
"Robotia, the Movie",8.6,16,1h 26m,Family
Nature Cat's Nature Movie Special Extraordinaire,7.2,17,,Family
Ne odna doma,4.1,78,1h 19m,Family
The Netflix Slam,7.1,141.0,2h 30m,Game-Show
2024 Pokémon World Championships,,,,Game-Show
The Falcon Feud,,,45m,Game-Show
Every Christopher Nolan Movie Ranked,8.7,18.0,59m,News
The Fall of 2008,,,1h 1m,News
#Models Wanted,8.8,32.0,,News
The Turning Point: XCLD: The Story of Cancel Culture,5.3,33.0,44m,News
The Truth: The Journey Within,7.2,8.0,1h 31m,News
Toque de Queda,,,2h,News
Minnesota v. We the People,,,55m,News
El Genocidio Silencioso,,,1h 22m,News
UK General Election 2024,,,3h,News
Les ombres de l'inconnue,,,12m,News
Drachten Journaals,,,51m,News
National Theatre Live: Dear England,8.1,134.0,3h 11m,Talk-Show
An no Koto,7.2,41.0,,Talk-Show
Anthony Rodia Totally Relatable,8.0,20.0,1h 17m,Talk-Show
2053 - A Best Case Scenario,,,58m,Talk-Show
Darkman Audio Commentary with Josh Ruben,,,,Talk-Show
El Documental,,,2h 31m,Talk-Show
Night of Recovery: Live from the Waynesboro Theater,,,2h 1m,Talk-Show
Paul Molinar: Supercut,,,2h 9m,Talk-Show
Krazy Haus San Fransicko 2 La,,,,Talk-Show
The Poetry of Clark L. Stanton,,,47m,Talk-Show
Radyo Agila: Kapitbahay,,,,Talk-Show
William Tell,5.7,1.4K,2h 13m,War
The Ministry of Ungentlemanly Warfare,6.8,131K,2h 2m,War
The Six Triple Eight,6.7,25K,2h 7m,War
My Dead Friend Zoe,7.3,1K,1h 43m,War
Nr. 24,7.5,14K,1h 51m,War
Blitz,6.2,15K,2h,War
Dirty Angels,4.3,3.1K,1h 44m,War
Chhava,8.6,2.2K,51m,War
Amaran,8.2,18K,2h 47m,War
Uprising,6.6,5.3K,2h 6m,War
Escape from Germany,5.4,885,1h 37m,War
Laws of Man,4.1,319,1h 38m,War
Goebbels and the Führer,6.7,1.9K,2h 15m,War
Murder Company,3.6,1.5K,1h 26m,War
Decoded,5.8,406,2h 36m,War
Dharmarakshak Mahaveer Chhatrapati Sambhaji Maharaj,8.2,642,2h 54m,War
Invasion,4.8,662,1h 31m,War
Before Dawn,5.4,922,1h 41m,War
Without Blood,7.5,88,1h 31m,War
Quisling: The Final Days,7.1,1K,2h 26m,War
"Love, Courage and the Battle of Bushy Run",5.0,168,1h 53m,War
The Last Front,5.5,596,1h 38m,War
Chandu Champion,7.8,34K,2h 22m,War
Bau: Artist at War,7.0,51,2h 10m,War
The Witch: Revenge,5.3,768,1h 40m,War
"Canadian, Sniper",3.5,346,1h 23m,War
WWII: Operation Phoenix,6.7,61,1h 46m,War
Never Alone,7.2,399,1h 25m,War
The Volunteers: The Battle of Life and Death,6.2,212,2h 24m,War
Battlefield,6.2,626,1h 44m,War
The Shamrock Spitfire,5.1,469,1h 48m,War
Ka Whawhai Tonu,7.4,169,1h 55m,War
The Friendly,8.1,15,1h 41m,War
Atatürk II: 1881-1919,8.9,1.9K,2h 21m,War
The Yin Yang Master Zero,5.7,254,1h 52m,War
White Courage,6.4,604,1h 55m,War
Orang Ikan,6.5,31,1h 23m,War
Kang Mak,6.4,748,2h 2m,War
Klitschko: More Than a Fight,6.3,485,1h 36m,War
Aserb: The Squadron,5.2,295,2h,War
Ludzie,6.9,40,1h 57m,War
Occupied,,,1h 17m,War
Fortunes of War,3.5,172,1h 25m,War
Conquer: Lahad Datu,6.7,493,2h,War
24 Hours to D-Day,5.0,29,1h 23m,War
The Epidemic,5.8,68,1h 35m,War
The Liberation Men,6.5,76,1h 30m,War
Call of Duty,7.9,9,,War
Red Poppies,4.7,293,2h 2m,War
Air War,6.5,111,1h 46m,War
Haywire: Gunslingers,2.2,25,1h 25m,War
War Blade,3.9,251,1h 34m,War
Burning Stars,6.5,42,1h 24m,War
Bardejov,4.8,174,1h 25m,War
"Dao, Pho Va Piano",5.9,186,1h 40m,War
The Dugout,5.5,746,1h 54m,War
Duffle Bag Boy,6.9,56,,War
The Dakota War: Attack on Fort Ridgely,,,1h 20m,War
Drava se ne predaje,9.5,6,,War
We Were Recruits,7.0,228,1h 32m,War
Russians at War,1.8,1K,2h 9m,War
Hitler,5.2,301,2h 8m,War
"Arlempdes, la légende du premier château de la Loire",6.5,9,,War
Hengyang 1944,8.3,12,,War
"America, Invaded",7.2,19,1h 22m,War
The Mousetrap,6.6,12,1h 27m,War
Scars,8.1,20,,War
Bozji gnjev,7.3,57,1h 51m,War
Operation Thule,,,2h 40m,War
The Battle for Kyiv,7.6,34,,War
The West Sky,5.2,121,,War
Operation Star,7.6,23,1h 42m,War
October 7 - Al Jazeera Investigations,6.5,40,1h,War
Burgemeestersmoord,6.5,82,,War
Here We Are Now,,,1h 2m,War
Pidyomna syla,8.9,63,1h 27m,War
The Daughter,,,1h 37m,War
Blood Vendetta,7.7,234,1h 30m,War
Eddy's oorlog,7.7,46,1h 41m,War
Sha Hai zhi Men,,,,War
Dun huang ying xiong,,,,War
The Youngest Partisan,,,2h 15m,War
Ukraine Mon Amour,,,,War
Jewish Revenge 6: Gaza in Focus,5.7,24,,War
Majnoon,6.9,34,,War
Village of Death: Oradour-sur-Glane 1944,7.8,14,58m,War
Pozyvnoy «Passazhir»,4.8,217,1h 41m,War
The Deserter,,,1h 33m,War
Vremya vernutsya,8.0,10,1h 40m,War
Kara Kyz,4.8,18,1h 51m,War
Roots,,,1h 32m,War
"Gaza, since October 7",,,1h 34m,War
VC 571,,,,War
Churchill's Forgotten War,7.4,9,47m,War
El laberinto. La guerra secreta de España,,,2h 1m,War
Korni,8.2,14,2h 17m,War
Attack Jiajin Mountain,,,1h 36m,War
Da Tu Wei,,,1h 50m,War
Saigon,,,,War
Los indomables,6.5,9,1h 46m,War
Stairway,,,12m,War
No Tomorrow,,,,War
Bloody Sniper,,,1h 33m,War
Wo de Ye Ye,,,,War
Mythical Creatures,,,1h 30m,War
Fedeltà Soldati. Prigionieri.,,,1h 20m,War
For the Love of the Motherland,,,,War
On Moral Grounds,8.4,7,1h 14m,War
Renverse,,,2h 7m,War
Sem chyornykh bumag,6.6,55,1h 36m,War
Athletes of War,,,1h 35m,War
Krasnye lenty,5.2,17,1h 2m,War
Casques bleuEs,,,1h 22m,War
"Por ti, Portugal, eu juro!",7.6,5,1h 38m,War
Rinnans rival,,,1h 34m,War
As Noites Ainda Cheiram a Pólvora,,,1h 32m,War
The Lights,,,,War
Dosije Kosovo - Pogrom,7.6,5,1h 49m,War
11.11.18 Soldat Inconnu,,,1h 18m,War
Un milione di granelli di sabbia,,,1h 4m,War
Kadetar,,,1h 59m,War
Krigsvarsleren,7.2,6,55m,War
Do You Want to See Part Two?,,,1h 14m,War
Twisted America,,,49m,War
Colonel Xanthi,,,,War
Prazdnik,,,1h 13m,War
Horizon: An American Saga - Chapter 1,6.7,39K,3h 1m,Western
Horizon: An American Saga - Chapter 2,7.1,1.2K,3h 10m,Western
Rust,5.9,161,2h 13m,Western
The Thicket,5.8,2.9K,1h 48m,Western
The Unholy Trinity,7.9,48,1h 33m,Western
Calamity Jane,4.4,781,1h 35m,Western
Pedro Páramo,6.3,2.8K,2h 10m,Western
Golden Kamuy,6.3,2.5K,2h 7m,Western
Buffalo Kids,6.6,621,1h 33m,Western
Over the Red River,3.6,73,1h 23m,Western
Unnatural,5.1,85,1h 44m,Western
The Ballad of Davy Crockett,4.6,242,1h 36m,Western
Outlaw Posse,4.3,511,1h 48m,Western
Seven Cemeteries,4.4,486,1h 24m,Western
The Guardsmen,3.5,136,,Western
Black Creek,,,1h 56m,Western
Eye for an Eye 2,6.5,474,1h 30m,Western
Paradise,6.9,77,1h 23m,Western
The Night They Came Home,3.5,423,1h 45m,Western
Fyre Rises,6.5,321,1h 50m,Western
They Call Her Death,6.2,22,1h 32m,Western
Same Old West,8.5,28,1h 38m,Western
Was Once a Hero,9.3,33,,Western
Doc Holliday 2,6.0,10,,Western
Taken from Rio Bravo,3.0,307,1h 20m,Western
Hinter dem Eisernen Horizont,7.6,12,1h 28m,Western
The Ecstasy of Gold: The Treasure of Jesse James,6.8,11,1h 30m,Western
Bolero,3.2,25,,Western
Oltre il confine,,,1h 16m,Western
Andromeda: 1883,3.5,15,,Western
Ghosts of Red Ridge,3.3,144,1h 21m,Western
Malaikottai Vaaliban,6.0,4.1K,2h 36m,Western
Doc Holliday 3,,,,Western
The Dakota War: Revenge,,,1h 32m,Western
My Redneck Neighbor: Chapter 1 - The Rednecks Are Coming,5.0,7,1h 14m,Western
Lady Outlaw,6.8,16,1h 44m,Western
Searching for the Elephant,5.8,32,1h 56m,Western
Oro Amargo,7.8,25,1h 23m,Western
Coyote Woman,2.2,73,1h 50m,Western
Astral Plane Drifter,8.0,12,,Western
Escanyapobres,7.2,35,1h 42m,Western
The Wicked: Reborn,,,,Western
In Search of Bass Reeves,6.1,57,1h 45m,Western
The Guardsmen: Part 2,3.6,85,,Western
Harsh Treatment,8.0,10,,Western
Once Upon a Time in Amityville,3.5,46,1h 13m,Western
Mr. Pettigrew,,,,Western
The Guardsmen: Part 3,3.3,83,,Western
Joe Crist,6.9,34,53m,Western
Death After Dusk,5.7,88,2h 20m,Western
Bo Nan Za,9.1,27,1h 1m,Western
The forgotten Winchester,,,,Western
A Almería de Leone,,,51m,Western
El Vaquero,8.4,8,1h 33m,Western
Zoloto Umalty,5.0,100,1h 49m,Western
Adiós al amigo,7.3,7,1h 58m,Western
Myall Creek Day of Justice,6.4,17,1h 18m,Western
Dans l'ombre de Marlow,,,1h 20m,Western
Buried on Shine Mountain,8.8,9,,Western
The Film Café,,,,Western
Blood Corral,6.3,8,,Western
A Cowboy Against Thunder,,,,Western
Jama,6.3,14,1h 11m,Western
The Cowboy Capital,,,,Western
Last Flamingo of the Red Summer Sunset,8.8,13,1h 20m,Western
Ghost Town,,,,Western
The Letter,,,,Western
Bullet or Rope,,,55m,Western
The Wolf in the Chute,9.0,12,33m,Western
Boot Hill,,,,Western
The Legacy of the 12 Westerns,,,,Western
Pale Moon,,,,Western
Travesty,6.4,5,1h 18m,Western
The Partners,,,58m,Western
Sinners in the Hands of an Angry God,,,1h 34m,Western
The Golden Ghosts,,,1h,Western
The Ballad of Winchester Pete,,,,Western
Vadogga,,,1h 25m,Western
12 Million Dollar Movie on Paper,,,,Western
Morningstar,,,1h 24m,Western
Lolo & Sosaku: The Western Archive,,,1h 6m,Western
Guns Blazin,,,1h 28m,Western
The Stand at Alder Creek,,,53m,Western
TV Heroes of the Wild West,,,,Western
The Rattlesnake Twins,,,50m,Western
Goin' Home,,,1h 31m,Western
"The Goods, Bads and Uglys",,,,Western
Attack on Tranquility,,,1h 4m,Western
